スラッシュ,cool
レッド,cool
ブラッド,cool
トラブル,cool
クラッシャー,cool
デビル,cool
ブラスター,cool
リミット,cool
バッド,cool
ブリザード,cool
ノイズ,cool
フィスト,cool
プリズム,cool
エボリューション,cool
ゲイザー,cool
アタック,cool
キャノン,cool
ディープ,cool
ダンス,cool
ヒーロー,cool
バーン,cool
メテオ,cool
ペイン,cool
マッスル,cool
ブースター,cool
アクセル,cool
ジェット,cool
スネーク,cool
フュージョン,cool
クリムゾン,cool
ソニック,cool
メイズ,cool
ギルド,cool
オーバー,cool
シルバー,cool
インフェルノ,cool
ロンリネス,cool
ムーン,cool
エクスプロージョン,cool
ダメージ,cool
レジェンド,cool
ゴールド,cool
ロイヤル,cool
ロスト,cool
ブレイズ,cool
ブレイカー,cool
オーバードライブ,cool
ヘル,cool
ラビリンス,cool
セイバー,cool
グレート,cool
タイガー,cool
ゲイル,cool
クリスタル,cool
モータル,cool
フラッシュ,cool
ボーダー,cool
ホワイト,cool
オリジン,cool
ラインジグ,cool
マジック,cool
ブレード,cool
ドレイク,cool
トリニティ,cool
ユニバース,cool
ミラクル,cool
メイジ,cool
ソード,cool
フェイト,cool
スティング,cool
ダーク,cool
ハングリー,cool
スティンガー,cool
リボルバー,cool
ラスト,cool
シークレット,cool
エッグ,cool
ギャラクシー,cool
エレメント,cool
パラダイス,cool
グレイ,cool
ボーン,cool
スカイ,cool
ミレニアム,cool
サイケデリック,cool
ビースト,cool
ドクター,cool
ゼロ,cool
イリュージョン,cool
ダスト,cool
トラップ,cool
ミリオン,cool
マジシャン,cool
スケルトン,cool
スペシャル,cool
ストロング,cool
ハンター,cool
ゾンビ,cool
スターダスト,cool
ワイルド,cool
フェザー,cool
ラグーン,cool
ファントム,cool
パニッシュ,cool
スパイラル,cool
マシンガン,cool
ブレイブ,cool
スピリット,cool
オーラ,cool
クイック,cool
ミラージュ,cool
ヘッド,cool
ストリーム,cool
バイオレンス,cool
デリート,cool
ユートピア,cool
パーフェクト,cool
ダークネス,cool
グランド,cool
スコーピオン,cool
ショット,cool
スレイブ,cool
ストーム,cool
スターライト,cool
オメガ,cool
ジャイアント,cool
エンペラー,cool
エクストリーム,cool
マインド,cool
イビル,cool
サンライズ,cool
イーター,cool
バースト,cool
スナイプ,cool
ブラック,cool
アンノウン,cool
マグマ,cool
ギルティ,cool
ポイズン,cool
グレイテスト,cool
レインボー,cool
ビッグ,cool
セイント,cool
エンジェル,cool
ボルケーノ,cool
キング,cool
ギルト,cool
オーロラ,cool
ブースト,cool
チャイルド,cool
ダイナマイト,cool
モンスター,cool
エターナル,cool
パンドラ,cool
エナジー,cool
ファイナル,cool
ワイズ,cool
トルネード,cool
スーサイド,cool
ハリケーン,cool
スペース,cool
ワールド,cool
クロス,cool
デュアル,cool
フォートレス,cool
ナンバー,cool
キル,cool
トリガー,cool
スペル,cool
サイコ,cool
デイズ,cool
ナイトメア,cool
グレイブ,cool
キリング,cool
フューチャー,cool
アンダー,cool
アーマー,cool
ファイアー,cool
ジャッジメント,cool
グラビティ,cool
カオス,cool
クラッシュ,cool
パニッシュメント,cool
ジェネラル,cool
マイン,cool
スピア,cool
トリック,cool
マシン,cool
ウェーブ,cool
バレット,cool
ラッシュ,cool
ボルカニック,cool
ウェポン,cool
バーサーカー,cool
ドライバー,cool
ウィング,cool
スター,cool
エンド,cool
ブラッディ,cool
アノニマス,cool
ギフト,cool
アクア,cool
デス,cool
ドライブ,cool
バベル,cool
インパクト,cool
ハイパー,cool
サイレント,cool
バスター,cool
ドリーム,cool
アサシン,cool
バイス,cool
ファング,cool
ソルジャー,cool
ドラコ,cool
マキシマム,cool
スーパー,cool
シャウト,cool
マジカル,cool
マッハ,cool
アーマード,cool
ソウル,cool
バトル,cool
ヘブン,cool
ボム,cool
ジャッジ,cool
メガ,cool
メタル,cool
リバイバル,cool
ゴールデン,cool
デュエル,cool
アトミック,cool
ガトリング,cool
クイーン,cool
ストライク,cool
シャドー,cool
ジャスティス,cool
ビクトリー,cool
サンダー,cool
ドリル,cool
エレメンタル,cool
アイズ,cool
ジェノサイド,cool
フェニックス,cool
グリード,cool
ハザード,cool
ライド,cool
クレイジー,cool
スカル,cool
パワード,cool
メサイア,cool
アビス,cool
ビッグバン,cool
サタン,cool
モナーク,cool
シールド,cool
コズミック,cool
クライシス,cool
マスター,cool
クラウド,cool
フォース,cool
ナイト,cool
マグナム,cool
フレイム,cool
ドラゴン,cool
ブラスト,cool
ワンダー,cool
シャイニング,cool
インフィニティ,cool
ウルトラ,cool
ガイア,cool
ホーク,cool
ベノム,cool
サウザンド,cool
ツイン,cool
インフィニット,cool
ポセイドン,cool
カーニバル,cool
テンペスト,cool
ショック,cool
スパイダー,cool
バーニング,cool
ゴースト,cool
レボリューション,cool
デッド,cool
ジョーカー,cool
グレネード,cool
リバース,cool
ゴッド,cool
リベンジ,cool
クッキー,cute
チョコレート,cute
ストロベリー,cute
ミルク,cute
シュガー,cute
デザート,cute
メルティー,cute
クリーム,cute
スイート,cute
キャンディ,cute
マシュマロ,cute
